{
    "ŒÂ–«": [
        [
            303.4288330078125,
            892.7305908203125,
            0.8795970678329468
        ],
        [
            427.25775146484375,
            855.5523071289062,
            0.9335328936576843
        ],
        [
            519.9463500976562,
            765.1980590820312,
            0.9428263306617737
        ],
        [
            608.8819580078125,
            673.167236328125,
            0.9355937838554382
        ],
        [
            669.6353149414062,
            611.888427734375,
            0.9405370950698853
        ],
        [
            425.6973876953125,
            597.6708984375,
            0.9913333058357239
        ],
        [
            440.63433837890625,
            482.885009765625,
            0.9906138181686401
        ],
        [
            447.5252380371094,
            407.1242980957031,
            0.9795912504196167
        ],
        [
            457.78302001953125,
            351.00531005859375,
            0.974656343460083
        ],
        [
            333.3031311035156,
            596.7173461914062,
            0.9932910203933716
        ],
        [
            346.71234130859375,
            469.2389831542969,
            0.9919474720954895
        ],
        [
            356.2455749511719,
            379.8288879394531,
            0.9873952865600586
        ],
        [
            352.79638671875,
            306.109619140625,
            0.9709769487380981
        ],
        [
            245.41827392578125,
            615.9268188476562,
            0.97847580909729
        ],
        [
            258.80377197265625,
            505.0552978515625,
            0.9931104183197021
        ],
        [
            253.14337158203125,
            425.16241455078125,
            0.9899829030036926
        ],
        [
            250.39459228515625,
            345.7108154296875,
            0.9768269658088684
        ],
        [
            181.0869140625,
            676.3990478515625,
            0.9705132246017456
        ],
        [
            153.99081420898438,
            591.1514892578125,
            0.980909526348114
        ],
        [
            142.27708435058594,
            521.7244873046875,
            0.977954626083374
        ],
        [
            132.7541046142578,
            455.1954040527344,
            0.9734083414077759
        ]
    ],
    "ŒÂ–«_1": [
        [
            408.92724609375,
            1464.5614013671875,
            0.9595767259597778
        ],
        [
            307.8968200683594,
            1347.8746337890625,
            0.9665289521217346
        ],
        [
            265.2044372558594,
            1196.88427734375,
            0.9813718795776367
        ],
        [
            184.8013916015625,
            1102.4744873046875,
            0.9680060744285583
        ],
        [
            215.3580322265625,
            979.4338989257812,
            0.9577646851539612
        ],
        [
            491.971923828125,
            1054.19580078125,
            0.9982081651687622
        ],
        [
            530.9138793945312,
            871.1329345703125,
            0.9970368146896362
        ],
        [
            565.6039428710938,
            773.9652099609375,
            0.9921543002128601
        ],
        [
            685.979736328125,
            708.5731201171875,
            0.9920696020126343
        ],
        [
            580.9948120117188,
            1093.7484130859375,
            0.9987940788269043
        ],
        [
            602.2297973632812,
            904.7164306640625,
            0.9978485107421875
        ],
        [
            664.6233520507812,
            758.07275390625,
            0.9966092109680176
        ],
        [
            705.963134765625,
            652.9044799804688,
            0.9915002584457397
        ],
        [
            665.2064208984375,
            1172.0064697265625,
            0.9942820072174072
        ],
        [
            728.6900024414062,
            979.0109252929688,
            0.9989446997642517
        ],
        [
            837.7819213867188,
            859.740966796875,
            0.9981485605239868
        ],
        [
            888.0848388671875,
            761.2661743164062,
            0.9956576824188232
        ],
        [
            723.8387451171875,
            1234.26611328125,
            0.9945346117019653
        ],
        [
            871.9583740234375,
            1098.6431884765625,
            0.996266782283783
        ],
        [
            951.8390502929688,
            1018.57861328125,
            0.9963459372520447
        ],
        [
            1028.2939453125,
            949.8497924804688,
            0.9952846169471741
        ]
    ]
}